<?xml version="1.0"?>
<doc>
    <assembly>
        <name>MvBarCode</name>
    </assembly>
    <members>
        <member name="T:MvBarCode.MvBarCodeCore">
            <summary>
            一维码检测类
            </summary>
        </member>
        <member name="T:MvBarCode.MvBarCodeCore.MvsPt2D">
            <summary>
            二维点坐标
            </summary>
        </member>
        <member name="F:MvBarCode.MvBarCodeCore.MvsPt2D.x">
            <summary>
            X坐标
            </summary>
        </member>
        <member name="F:MvBarCode.MvBarCodeCore.MvsPt2D.y">
            <summary>
            Y坐标
            </summary>
        </member>
        <member name="T:MvBarCode.MvBarCodeCore.MvsRt2D">
            <summary>
            Regtangle区域坐标
            </summary>
        </member>
        <member name="F:MvBarCode.MvBarCodeCore.MvsRt2D.UL">
            <summary>
            左上
            </summary>
        </member>
        <member name="F:MvBarCode.MvBarCodeCore.MvsRt2D.LR">
            <summary>
            右下
            </summary>
        </member>
        <member name="M:MvBarCode.MvBarCodeCore.MvsRt2D.Initialization">
            <summary>
            构造函数
            </summary>
        </member>
        <member name="T:MvBarCode.MvBarCodeCore.MvsPtArray2D">
            <summary>
            Point二维数组
            </summary>
        </member>
        <member name="F:MvBarCode.MvBarCodeCore.MvsPtArray2D.Npt">
            <summary>
            点数量
            </summary>
        </member>
        <member name="F:MvBarCode.MvBarCodeCore.MvsPtArray2D.Pts">
            <summary>
            点坐标信息，MvsPt2D*
            </summary>
        </member>
        <member name="M:MvBarCode.MvBarCodeCore.MvsPtArray2D.Initialization">
            <summary>
            构造函数
            </summary>
        </member>
        <member name="T:MvBarCode.MvBarCodeCore.BcCodeInfo">
            <summary>
            码信息
            </summary>
        </member>
        <member name="F:MvBarCode.MvBarCodeCore.BcCodeInfo.Valid">
            <summary>
            码是否有效
            </summary>
        </member>
        <member name="F:MvBarCode.MvBarCodeCore.BcCodeInfo.Type">
            <summary>
            码类型
            </summary>
        </member>
        <member name="F:MvBarCode.MvBarCodeCore.BcCodeInfo.Code">
            <summary>
            码数据信息
            </summary>
        </member>
        <member name="F:MvBarCode.MvBarCodeCore.BcCodeInfo.Len">
            <summary>
            码数量信息
            </summary>
        </member>
        <member name="F:MvBarCode.MvBarCodeCore.BcCodeInfo.Region">
            <summary>
            每个码的区域信息，MvsPtArray2D*
            </summary>
        </member>
        <member name="M:MvBarCode.MvBarCodeCore.BcCodeInfo.Initialization">
            <summary>
            构造函数
            </summary>
        </member>
        <member name="T:MvBarCode.MvBarCodeCore.MvsImage">
            <summary>
            图像数据结构
            </summary>
        </member>
        <member name="F:MvBarCode.MvBarCodeCore.MvsImage.Type">
            <summary>
            图像格式
            </summary>
        </member>
        <member name="F:MvBarCode.MvBarCodeCore.MvsImage.DataType">
            <summary>
            存储类型
            </summary>
        </member>
        <member name="F:MvBarCode.MvBarCodeCore.MvsImage.Width">
            <summary>
            图像宽
            </summary>
        </member>
        <member name="F:MvBarCode.MvBarCodeCore.MvsImage.Height">
            <summary>
            图像高
            </summary>
        </member>
        <member name="F:MvBarCode.MvBarCodeCore.MvsImage.ROI">
            <summary>
            有效数据区域
            </summary>
        </member>
        <member name="F:MvBarCode.MvBarCodeCore.MvsImage.Coordinate">
            <summary>
            图像所在坐标系, void*
            </summary>
        </member>
        <member name="F:MvBarCode.MvBarCodeCore.MvsImage.ImageData">
            <summary>
            图片数据指针，uint8*
            </summary>
        </member>
        <member name="F:MvBarCode.MvBarCodeCore.MvsImage.Mask">
            <summary>
            图像掩码，uint8*
            </summary>
        </member>
        <member name="F:MvBarCode.MvBarCodeCore.MvsImage.Reserved">
            <summary>
            保留字段，int32_t*
            </summary>
        </member>
        <member name="M:MvBarCode.MvBarCodeCore.MvsImage.Initialization">
            <summary>
            构造函数
            </summary>
        </member>
        <member name="T:MvBarCode.MvBarCodeCore.BcChannelParam">
            <summary>
            通道相关参数
            </summary>
        </member>
        <member name="F:MvBarCode.MvBarCodeCore.BcChannelParam.Width">
            <summary>
            图像宽
            </summary>
        </member>
        <member name="F:MvBarCode.MvBarCodeCore.BcChannelParam.Height">
            <summary>
            图像高
            </summary>
        </member>
        <member name="T:MvBarCode.MvBarCodeCore.BcProcessParam">
            <summary>
            检测输入参数
            </summary>
        </member>
        <member name="F:MvBarCode.MvBarCodeCore.BcProcessParam.Image">
            <summary>
            图像裸数据，MvsImage*
            </summary>
        </member>
        <member name="F:MvBarCode.MvBarCodeCore.BcProcessParam.DoTrainFlag">
            <summary>
            训练标识
            </summary>
        </member>
        <member name="M:MvBarCode.MvBarCodeCore.BcProcessParam.Initialization">
            <summary>
            构造函数
            </summary>
        </member>
        <member name="T:MvBarCode.MvBarCodeCore.BcProcessResult">
            <summary>
            码识别结果
            </summary>
        </member>
        <member name="F:MvBarCode.MvBarCodeCore.BcProcessResult.Num">
            <summary>
            检测码数量
            </summary>
        </member>
        <member name="F:MvBarCode.MvBarCodeCore.BcProcessResult.Code">
            <summary>
            码数据指针，BcCodeInfo*
            </summary>
        </member>
        <member name="M:MvBarCode.MvBarCodeCore.BcProcessResult.Initialization">
            <summary>
            构造函数
            </summary>
        </member>
        <member name="T:MvBarCode.MvBarCodeCore.BcConfigParam">
            <summary>
            算法配参结构体
            </summary>
        </member>
        <member name="F:MvBarCode.MvBarCodeCore.BcConfigParam.CodeType">
            <summary>
            码类型
            </summary>
        </member>
        <member name="F:MvBarCode.MvBarCodeCore.BcConfigParam.Scale">
            <summary>
            等级
            </summary>
        </member>
        <member name="F:MvBarCode.MvBarCodeCore.BcConfigParam.MinFactor">
            <summary>
            最小影响因子
            </summary>
        </member>
        <member name="F:MvBarCode.MvBarCodeCore.BcConfigParam.ElemMinWidth">
            <summary>
            最小尺寸
            </summary>
        </member>
        <member name="F:MvBarCode.MvBarCodeCore.BcConfigParam.ElemMaxWidth">
            <summary>
            最大尺寸
            </summary>
        </member>
        <member name="F:MvBarCode.MvBarCodeCore.BcConfigParam.ScanLines">
            <summary>
            扫描线条数
            </summary>
        </member>
        <member name="F:MvBarCode.MvBarCodeCore.BcConfigParam.MinIdenticalScanLines">
            <summary>
            最少扫描线条数
            </summary>
        </member>
        <member name="F:MvBarCode.MvBarCodeCore.BcConfigParam.StopAfterResultNum">
            <summary>
            得到指定数量码后停止
            </summary>
        </member>
        <member name="F:MvBarCode.MvBarCodeCore.BcConfigParam.CheckSum">
            <summary>
            是否进行条码教研
            </summary>
        </member>
        <member name="F:MvBarCode.MvBarCodeCore.BcConfigParam.Code128StartStopTplerance">
            <summary>
            起始符可容忍度
            </summary>
        </member>
        <member name="F:MvBarCode.MvBarCodeCore.BcConfigParam.MinHeight">
            <summary>
            最小单元高度
            </summary>
        </member>
        <member name="F:MvBarCode.MvBarCodeCore.BcConfigParam.MinWidth">
            <summary>
            最小条码宽度
            </summary>
        </member>
        <member name="F:MvBarCode.MvBarCodeCore.BcConfigParam.MaxWidth">
            <summary>
            最大条码宽度
            </summary>
        </member>
        <member name="F:MvBarCode.MvBarCodeCore.BcConfigParam.AllScanLines">
            <summary>
            所有扫描行
            </summary>
        </member>
        <member name="F:MvBarCode.MvBarCodeCore.BcConfigParam.ValidScanLines">
            <summary>
            有效扫描行
            </summary>
        </member>
        <member name="F:MvBarCode.MvBarCodeCore.BcConfigParam.Contrast">
            <summary>
            对比度
            </summary>
        </member>
        <member name="F:MvBarCode.MvBarCodeCore.BcConfigParam.RoiRegions">
            <summary>
            重要区域
            </summary>
        </member>
        <member name="F:MvBarCode.MvBarCodeCore.BcConfigParam.PeakThreshInit">
            <summary>
            峰值
            </summary>
        </member>
        <member name="F:MvBarCode.MvBarCodeCore.BcConfigParam.PeakThreshRatio">
            <summary>
            峰值比率
            </summary>
        </member>
        <member name="M:MvBarCode.MvBarCodeCore.BcConfigParam.Initialization">
            <summary>
            构造函数
            </summary>
        </member>
        <member name="M:MvBarCode.MvBarCodeCore.bcInit(System.IntPtr,MvBarCode.MvBarCodeCore.BcChannelParam@)">
            <summary>
            初始化算法
            </summary>
            <param name="hHandle">内存句柄</param>
            <param name="pParam">通道参数，BcChannelParam*</param>
            <returns></returns>
        </member>
        <member name="M:MvBarCode.MvBarCodeCore.bcSetConfig(System.IntPtr,MvBarCode.MvBarCodeCore.BcConfigParam@)">
            <summary>
            设置算法参数
            </summary>
            <param name="hHandle">内存句柄</param>
            <param name="pParam">配置参数，BcConfigParam*</param>
            <returns></returns>
        </member>
        <member name="M:MvBarCode.MvBarCodeCore.bcGetConfig(System.IntPtr,MvBarCode.MvBarCodeCore.BcConfigParam@)">
            <summary>
            获取算法参数
            </summary>
            <param name="hHandle">内存句柄</param>
            <param name="pParam">配置参数，BcConfigParam*</param>
            <returns></returns>
        </member>
        <member name="M:MvBarCode.MvBarCodeCore.bcCalMemSize(MvBarCode.MvBarCodeCore.BcChannelParam@)">
            <summary>
            计算内存长度
            </summary>
            <param name="param">通道参数，BcChannelParam*</param>
            <returns></returns>
        </member>
        <member name="M:MvBarCode.MvBarCodeCore.bcProcess(System.IntPtr,MvBarCode.MvBarCodeCore.BcProcessParam@,MvBarCode.MvBarCodeCore.BcProcessResult@)">
            <summary>
            执行算法检测
            </summary>
            <param name="hHandle">内存句柄</param>
            <param name="pParam">检测相关参数，BcProcessParam*</param>
            <param name="pResult">检测结果，BcProcessResult*</param>
            <returns></returns>
        </member>
        <member name="P:MvBarCode.MvBarCodeCore.IsValid">
            <summary>
            算法是否可用
            </summary>
        </member>
        <member name="M:MvBarCode.MvBarCodeCore.InitAlgorithm(System.Int32,System.Int32)">
            <summary>
            初始化算法
            </summary>
            <param name="width">分辨率宽</param>
            <param name="height">分辨率高</param>
            <returns></returns>
        </member>
        <member name="M:MvBarCode.MvBarCodeCore.GetConfig(MvBarCode.MvBarCodeCore.BcConfigParam@)">
            <summary>
            获取算法配参
            </summary>
            <param name="param">配参对象</param>
            <returns></returns>
        </member>
        <member name="M:MvBarCode.MvBarCodeCore.SetConfig(MvBarCode.MvBarCodeCore.BcConfigParam@)">
            <summary>
            设置算法参数
            </summary>
            <param name="param">算法配参</param>
            <returns></returns>
        </member>
        <member name="M:MvBarCode.MvBarCodeCore.Process(MvBarCode.MvBarCodeCore.BcProcessParam@,MvBarCode.MvBarCodeCore.BcProcessResult@)">
            <summary>
            执行算法检测
            </summary>
            <param name="param">检测参数</param>
            <param name="result">检测结果</param>
            <returns></returns>
        </member>
        <member name="M:MvBarCode.MvBarCodeCore.Process(MvBarCode.MvsImageParam,System.Boolean,MvBarCode.MvCodeInfo[]@)">
            <summary>
            算法处理函数
            </summary>
            <param name="image">image</param>
            <param name="isTrain">false</param>
            <param name="codes">出参：条码数组</param>
            <returns></returns>
        </member>
        <member name="M:MvBarCode.MvBarCodeCore.Dispose">
            <summary>
            销毁对象
            </summary>
        </member>
        <member name="T:MvBarCode.MvBarCodeConfig">
            <summary>
            算法配参对象
            </summary>
        </member>
        <member name="M:MvBarCode.MvBarCodeConfig.#ctor">
            <summary>
            构造函数
            </summary>
        </member>
        <member name="P:MvBarCode.MvBarCodeConfig.Config">
            <summary>
            获取算法配参
            </summary>
        </member>
        <member name="P:MvBarCode.MvBarCodeConfig.CodeType">
            <summary>
            码类型
            </summary>
        </member>
        <member name="P:MvBarCode.MvBarCodeConfig.Scale">
            <summary>
            等级
            </summary>
        </member>
        <member name="P:MvBarCode.MvBarCodeConfig.MinFactor">
            <summary>
            最小因子
            </summary>
        </member>
        <member name="P:MvBarCode.MvBarCodeConfig.PeakThreshInit">
            <summary>
            峰值
            </summary>
        </member>
        <member name="P:MvBarCode.MvBarCodeConfig.PeakThreshRatio">
            <summary>
            峰值比率
            </summary>
        </member>
        <member name="T:MvBarCode.MvBarCodeGlobalVar">
            <summary>
            全局变量
            </summary>
        </member>
        <member name="F:MvBarCode.MvBarCodeGlobalVar.Log">
            <summary>
            log实例
            </summary>
        </member>
        <member name="F:MvBarCode.MvBarCodeGlobalVar.ClientElapsed">
            <summary>
            从扫码到客户端的显示时间
            </summary>
        </member>
        <member name="F:MvBarCode.MvBarCodeGlobalVar.PortElapsed">
            <summary>
            从将单号发送给服务器到最后的驱动时间
            </summary>
        </member>
        <member name="F:MvBarCode.MvBarCodeGlobalVar.LocalImageMode">
            <summary>
            是否读取本地图片作为条形码来源
            </summary>
        </member>
        <member name="F:MvBarCode.MvBarCodeGlobalVar.LocalImagePath">
            <summary>
            本地图片路径
            </summary>
        </member>
        <member name="F:MvBarCode.MvBarCodeGlobalVar.InitCarmeraNum">
            <summary>
            初始化相机个数
            </summary>
        </member>
        <member name="F:MvBarCode.MvBarCodeGlobalVar.HttpEndpoint">
            <summary>
            http接收地址
            </summary>
        </member>
        <member name="F:MvBarCode.MvBarCodeGlobalVar.ScaleMode">
            <summary>
            称的协议以及模式
            </summary>
        </member>
        <member name="F:MvBarCode.MvBarCodeGlobalVar.BarcodeCacheNum">
            <summary>
            条码缓冲区个数
            </summary>
        </member>
        <member name="F:MvBarCode.MvBarCodeGlobalVar.BarcodeValidTime">
            <summary>
            条码有效时间（毫秒）
            </summary>
        </member>
        <member name="F:MvBarCode.MvBarCodeGlobalVar.CameraBarcodeCache">
            <summary>
            相机是否有自己的缓存
            </summary>
        </member>
        <member name="T:MvBarCode.MvCheckResult">
            <summary>
            检测结果
            </summary>
        </member>
        <member name="F:MvBarCode.MvCheckResult.MvEan13CheckOk">
            <summary>
            EAN13检测成功
            </summary>
        </member>
        <member name="F:MvBarCode.MvCheckResult.MvEan13CheckNo">
            <summary>
            EAN13检测失败
            </summary>
        </member>
        <member name="F:MvBarCode.MvCheckResult.MvCode128CheckOk">
            <summary>
            Code128检测成功
            </summary>
        </member>
        <member name="F:MvBarCode.MvCheckResult.MvCode128CheckNo">
            <summary>
            Code128检测失败
            </summary>
        </member>
        <member name="T:MvBarCode.MvCodeInfo">
            <summary>
            条形码信息
            </summary>
        </member>
        <member name="M:MvBarCode.MvCodeInfo.#ctor(MvBarCode.MvBarCodeCore.BcCodeInfo)">
            <summary>
            构造函数
            </summary>
            <param name="info">算法返回参数</param>
        </member>
        <member name="T:MvBarCode.MvCodeInfo.MvPtArray">
            <summary>
            区域点坐标数组
            </summary>
        </member>
        <member name="P:MvBarCode.MvCodeInfo.Valid">
            <summary>
            当前码是否有效
            </summary>
        </member>
        <member name="P:MvBarCode.MvCodeInfo.Type">
            <summary>
            码类型
            </summary>
        </member>
        <member name="P:MvBarCode.MvCodeInfo.Code">
            <summary>
            码数据信息
            </summary>
        </member>
        <member name="P:MvBarCode.MvCodeInfo.CodeLen">
            <summary>
            一维码数据长度
            </summary>
        </member>
        <member name="P:MvBarCode.MvCodeInfo.Region">
            <summary>
            区域信息
            </summary>
        </member>
        <member name="T:MvBarCode.MvCodeType">
            <summary>
            码类型枚举
            </summary>
        </member>
        <member name="F:MvBarCode.MvCodeType.AutoType">
            <summary>
            自动类型
            </summary>
        </member>
        <member name="F:MvBarCode.MvCodeType.Mv128CodeType">
            <summary>
            128位
            </summary>
        </member>
        <member name="F:MvBarCode.MvCodeType.Mv128ACodeType">
            <summary>
            128A
            </summary>
        </member>
        <member name="F:MvBarCode.MvCodeType.Mv128BCodeType">
            <summary>
            128B
            </summary>
        </member>
        <member name="F:MvBarCode.MvCodeType.Mv128CCodeType">
            <summary>
            128C
            </summary>
        </member>
        <member name="F:MvBarCode.MvCodeType.Code39Type">
            <summary>
            39码
            </summary>
        </member>
        <member name="F:MvBarCode.MvOcrMat.OcrMattingConfigParam.isNewPackage">
            > 是否增强图像
        </member>
        <member name="F:MvBarCode.MvOcrMat.OcrMattingConfigParam.offsetHorizon">
            > 是否是新包裹
        </member>
        <member name="F:MvBarCode.MvOcrMat.OcrMattingConfigParam.offsetVertical">
            > 水平边缘扩充
        </member>
        <member name="F:MvBarCode.MvOcrMat.OcrMattingConfigParam.reserve">
            > 垂直边缘扩充
        </member>
        <member name="M:MvBarCode.MvOcrMat.mvOcrMattingInit(System.IntPtr,MvBarCode.MvOcrMat.OcrMattingChannelParam@)">
            ******************************************************************
            @brief MM Init Memory
                   
            @param [in] handle
            @param [in] param
            @return MSAPI int
            @note  模块内存分配及初始化
            *******************************************************************
        </member>
        <member name="M:MvBarCode.MvOcrMat.mvOcrMattingSetConfig(System.IntPtr,MvBarCode.MvOcrMat.OcrMattingConfigParam@)">
            ******************************************************************
            @brief MM Set Config Param  
                   
            @param [in] handle
            @param [in] param
            @return CVDAPI int
            @note   模块配置参数设置
            *******************************************************************
        </member>
        <member name="M:MvBarCode.MvOcrMat.mvOcrMattingGetConfig(System.IntPtr,MvBarCode.MvOcrMat.OcrMattingConfigParam@)">
            ******************************************************************
            @brief MM Get Config Param 
            
            @param [in]  handle
            @param [out] param
            @return MSAPI int
            @note   模块当前配置参数获取
            *******************************************************************
        </member>
        <member name="M:MvBarCode.MvOcrMat.mvOcrMattingCalMemSize(MvBarCode.MvOcrMat.OcrMattingChannelParam@)">
            ******************************************************************
            @brief MM Calc Memory Size 
            
            @param [in]  memParam 
            @return 模块内存大小
            @note   模块内存大小计算
            *******************************************************************
        </member>
        <member name="M:MvBarCode.MvOcrMat.mvOcrMattingProcess(System.IntPtr,MvBarCode.MvOcrMat.OcrMattingProcessParam@,MvBarCode.MvOcrMat.OcrMattingProcessResult@)">
            ******************************************************************
            @brief MM Process Algorithm
            
            @param [in]  handle
            @param [in]  param
            @param [out] result
            @return MSAPI int
            @note   模块主处理
            *******************************************************************
        </member>
        <member name="M:MvBarCode.MvOcrMat.mvOcrMattingExit(System.IntPtr)">
            ******************************************************************
            @brief MM Exit Algorithm
            
            @param [in] handle
            @return MSAPI int
            @note   模块退出
            *******************************************************************
        </member>
        <member name="T:MvBarCode.MvProcessParam">
            <summary>
            检测算法参数对象
            </summary>
        </member>
        <member name="M:MvBarCode.MvProcessParam.#ctor">
            <summary>
            构造函数
            </summary>
        </member>
        <member name="P:MvBarCode.MvProcessParam.Param">
            <summary>
            获取检测参数
            </summary>
        </member>
        <member name="P:MvBarCode.MvProcessParam.TrainFlag">
            <summary>
            训练标识
            </summary>
        </member>
        <member name="P:MvBarCode.MvProcessParam.Image">
            <summary>
            图像数据参数
            </summary>
        </member>
        <member name="M:MvBarCode.MvProcessParam.Dispose">
            <summary>
            参数清理
            </summary>
        </member>
        <member name="T:MvBarCode.MvProcessResult">
            <summary>
            一维码检测结果
            </summary>
        </member>
        <member name="P:MvBarCode.MvProcessResult.Result">
            <summary>
            检测结果参数
            </summary>
        </member>
        <member name="P:MvBarCode.MvProcessResult.CodeInfo">
            <summary>
            检测到的一维码信息
            </summary>
        </member>
        <member name="T:MvBarCode.MvsImageParam">
            <summary>
            图像原始数据参数
            </summary>
        </member>
        <member name="M:MvBarCode.MvsImageParam.#ctor">
            <summary>
            构造函数
            </summary>
        </member>
        <member name="P:MvBarCode.MvsImageParam.Param">
            <summary>
            返回图片信息参数
            </summary>
        </member>
        <member name="P:MvBarCode.MvsImageParam.Width">
            <summary>
            图像宽
            </summary>
        </member>
        <member name="P:MvBarCode.MvsImageParam.Height">
            <summary>
            图像高
            </summary>
        </member>
        <member name="P:MvBarCode.MvsImageParam.DataType">
            <summary>
            图像数据类型
            </summary>
        </member>
        <member name="P:MvBarCode.MvsImageParam.Type">
            <summary>
            图像类型
            </summary>
        </member>
        <member name="P:MvBarCode.MvsImageParam.ImageData">
            <summary>
            图像数据，内部分配内存保证图像数据的有效性
            </summary>
        </member>
        <member name="P:MvBarCode.MvsImageParam.ImagePointer">
            <summary>
            图像数据指针，需要外部调用方保证指针的有效性
            </summary>
        </member>
        <member name="M:MvBarCode.MvsImageParam.Dispose">
            <summary>
            参数清理接口
            </summary>
        </member>
        <member name="T:MvBarCode.MvsImgType">
            <summary>
            图像处理类型
            </summary>
        </member>
        <member name="F:MvBarCode.MvsImgType.MVS_IMGTP_UITL_Y">
            <summary>
            逐行扫描图像, Y平面保存格式
            </summary>
        </member>
        <member name="F:MvBarCode.MvsImgType.MVS_IMGTP_UITL_RGB">
            <summary>
            RGB平面保存格式
            </summary>
        </member>
        <member name="F:MvBarCode.MvsImgType.MVS_IMGTP_UITL_RGBP_24">
            <summary>
            RGB 24平面保存格式 - R在一个平面，G在一平面，B在一个平面
            </summary>
        </member>
        <member name="F:MvBarCode.MvsImgType.MVS_IMGTP_UITL_HSI">
            <summary>
            HSI 平面保存格式
            </summary>
        </member>
        <member name="F:MvBarCode.MvsImgType.MVS_IMGTP_UITL_LAB">
            <summary>
            LAB 平面保存格式
            </summary>
        </member>
        <member name="F:MvBarCode.MvsImgType.MVS_IMGTP_UITL_DIF">
            <summary>
            LAB 平面保存格式
            </summary>
        </member>
        <member name="F:MvBarCode.MvsImgType.MVS_IMGTP_UITL_XYZ">
            <summary>
            XYZ 平面保存格式
            </summary>
        </member>
        <member name="F:MvBarCode.MvsImgType.MVS_IMGTP_UITL_YUV">
            <summary>
            UITL_YUV
            </summary>
        </member>
        <member name="F:MvBarCode.MvsImgType.MVS_IMGTP_UITL_YUV_420">
            <summary>
            YUV 420平面保存格式 - YUV是一个平面
            </summary>
        </member>
        <member name="F:MvBarCode.MvsImgType.MVS_IMGTP_UITL_YUVP_420">
            <summary>
            YUV 420平面保存格式 - Y是一个平面，U是一个平面，V也是一个平面
            </summary>
        </member>
        <member name="F:MvBarCode.MvsImgType.MVS_IMGTP_UITL_YUVSP_420">
            <summary>
            YUV 420半平面保存格式 - Y在一个平面，UV在另一平面（交错保存）
            </summary>
        </member>
        <member name="F:MvBarCode.MvsImgType.MVS_IMGTP_UITL_YVUSP_420">
            <summary>
            YUV 420半平面保存格式 - Y在一个平面，VU在另一平面（交错保存）
            </summary>
        </member>
        <member name="F:MvBarCode.MvsImgType.MVS_IMGTP_UITL_YUV_422">
            <summary>
            YUV 422平面保存格式 - YUV是一个平面
            </summary>
        </member>
        <member name="F:MvBarCode.MvsImgType.MVS_IMGTP_UITL_YUVP_422">
            <summary>
            YUV 422平面保存格式 - Y是一个平面，V是一个平面，U也是一个平面
            </summary>
        </member>
        <member name="F:MvBarCode.MvsImgType.MVS_IMGTP_UITL_YUVSP_422">
            <summary>
            YUV 422半平面保存格式 - Y是一个平面，UV是另一平面（交错保存）
            </summary>
        </member>
        <member name="F:MvBarCode.MvsImgType.MVS_IMGTP_UITL_YVUSP_422">
            <summary>
            YUV 422半平面保存格式 - Y在一个平面，VU在另一平面（交错保存）
            </summary>
        </member>
        <member name="F:MvBarCode.MvsImgType.MVS_IMGTP_ITL_YUV">
            <summary>
            隔行扫描图像，ITL_YUV
            </summary>
        </member>
        <member name="F:MvBarCode.MvsImgType.MVS_IMGTP_ITL_YUVP_420">
            <summary>
            YUV 420平面保存格式 - Y是一个平面，U是一个平面，V也是一个平面
            </summary>
        </member>
        <member name="F:MvBarCode.MvsImgType.MVS_IMGTP_ITL_YUVSP_420">
            <summary>
            YUV 420半平面保存格式 - Y在一个平面，UV在另一平面（交错保存）
            </summary>
        </member>
        <member name="F:MvBarCode.MvsImgType.MVS_IMGTP_ITL_YVUSP_420">
            <summary>
            YUV 420半平面保存格式 - Y在一个平面，VU在另一平面（交错保存）
            </summary>
        </member>
        <member name="F:MvBarCode.MvsImgType.MVS_IMGTP_ITL_YUVP_422">
            <summary>
            YUV 422平面保存格式 - Y是一个平面，V是一个平面，U也是一个平面
            </summary>
        </member>
        <member name="F:MvBarCode.MvsImgType.MVS_IMGTP_ITL_YUVSP_422">
            <summary>
            YUV 422半平面保存格式 - Y是一个平面，UV是另一平面（交错保存）
            </summary>
        </member>
        <member name="F:MvBarCode.MvsImgType.MVS_IMGTP_ITL_YVUSP_422">
            <summary>
            YUV 422半平面保存格式 - Y在一个平面，VU在另一平面（交错保存）
            </summary>
        </member>
        <member name="F:MvBarCode.MvsImgDataType.MVS_IMGDTP_U8">
            <summary>
            无符号8位
            </summary>
        </member>
        <member name="F:MvBarCode.MvsImgDataType.MVS_IMGDTP_S8">
            <summary>
            有符号8位
            </summary>
        </member>
        <member name="F:MvBarCode.MvsImgDataType.MVS_IMGDTP_S32">
            <summary>
            有符号32位
            </summary>
        </member>
        <member name="F:MvBarCode.MvsImgDataType.MVS_IMGDTP_U32">
            <summary>
            无符号32位
            </summary>
        </member>
        <member name="F:MvBarCode.MvsImgDataType.MVS_IMGDTP_S16">
            <summary>
            有符号16位
            </summary>
        </member>
        <member name="F:MvBarCode.MvsImgDataType.MVS_IMGDTP_U16">
            <summary>
            无符号16位
            </summary>
        </member>
        <member name="F:MvBarCode.MvsImgDataType.MVS_IMGDTP_F32">
            <summary>
            浮点32位
            </summary>
        </member>
        <member name="F:MvBarCode.MvsImgDataType.MVS_IMGDTP_F64">
            <summary>
            浮点64位
            </summary>
        </member>
        <member name="F:MvBarCode.MvsObjectType.MVS_OBJTP_POINT">
            <summary>
            点
            </summary>
        </member>
        <member name="F:MvBarCode.MvsObjectType.MVS_OBJTP_LINE_SEG">
            <summary>
            线段
            </summary>
        </member>
        <member name="F:MvBarCode.MvsObjectType.MVS_OBJTP_LINE">
            <summary>
            线
            </summary>
        </member>
        <member name="F:MvBarCode.MvsObjectType.MVS_OBJTP_CIRCLE">
            <summary>
            圆
            </summary>
        </member>
        <member name="F:MvBarCode.MvsObjectType.MVS_OBJTP_ELLIPSE">
            <summary>
            椭圆
            </summary>
        </member>
        <member name="F:MvBarCode.MvsObjectType.MVS_OBJTP_IMG">
            <summary>
            图像
            </summary>
        </member>
    </members>
</doc>
